value,TSeq_accver,TSeq_taxid,TSeq_orgname,TSeq_defline,TSeq_length,TSeq_sequence,TSeq_sid
protein,AAA19033.1,9986,Oryctolagus cuniculus,insulin [Oryctolagus cuniculus],110,MASLAALLPLLALLVLCRLDPAQAFVNQHLCGSHLVEALYLVCGERGFFYTPKSRREVEELQVGQAELGGGPGAGGLQPSALELALQKRGIVEQCCTSICSLYQLENYCN,
protein,AAA37041.1,10141,Cavia porcellus,insulin [Cavia porcellus],110,MALWMHLLTVLALLALWGPNTNQAFVSRHLCGSNLVETLYSVCQDDGFFYIPKDRRELEDPQVEQTELGMGLGAGGLQPLALEMALQKRGIVDQCCTGTCTRHQLQSYCN,
protein,AAA40590.1,10160,Octodon degus,insulin [Octodon degus],109,MAPWMHLLTVLALLALWGPNSVQAYSSQHLCGSNLVEALYMTCGRSGFYRPHDRRELEDLQVEQAELGLEAGGLQPSALEMILQKRGIVDQCCNNICTFNQLQNYCNVP,
protein,AAA59172.1,9606,Homo sapiens,insulin [Homo sapiens],110,MALWMRLLPLLALLALWGPDPAAAFVNQHLCGSHLVEALYLVCGERGFFYTPKTRREAEDLQVGQVELGGGPGAGSLQPLALEGSLQKRGIVEQCCTSICSLYQLENYCN,
protein,AAB60625.1,9940,Ovis aries,insulin [Ovis aries],105,MALWTRLVPLLALLALWAPAPAHAFVNQHLCGSHLVEALYLVCGERGFFYTPKARREVEGPQVGALELAGGPGAGGLEGPPQKRGIVEQCCAGVCSLYQLENYCN,
protein,ANZ78570.1,129788,Ruditapes philippinarum,insulin [Ruditapes philippinarum],115,MNIYLPALWTIFLTTYLVSAKHDRWCSPNSIPSGKCGRHLDELLGTTCGRGGFYSPDSSSDNFLPGKRNPLGEVLLGKREANMYLEKRRDYFYQGIVCECCIHQCTILELKSYCT,
protein,ATG85034.1,89426,Conus lividus,insulin [Conus lividus],128,MTTLSYFLLVALGLLLYVCRSSFGTEHTCEPYASPHPQGVCGQELTGLHELICEAEENFHGGTGKKRGRDSPLRKRRGFHSMLKARAKRNEASPLQRSVQGISCECCKNHCTFEEITEYCPPVTEGSG,
protein,BAE96120.1,41447,Seriola dumerili,insulin [Seriola dumerili],116,MAALWLQSVSLLVLLIVSWPGSQAVAPPQHLCGSHLVDALYLVCGDRGFFYNPKRDVDPLLGFLPPKAGGAAAAGGENEVAEFAFKDQMEMMVKRGIVEQCCHKPCNIFDLQNYCN,
protein,BAS32697.1,146911,Gekko japonicus,insulin [Gekko japonicus],98,MTFWIRSLPLLALIAVLAPIASHASPNYYLCGRQLVDSLNLICGDRGFYWGPRERRNIEESLARGMEALSFQPQDKRGIVEECCVNICPLHVLENYCN,
protein,BAS32699.1,36310,Gekko gecko,insulin [Gekko gecko],100,MTFWIRSLPLLALIAVLAPIASHAFPSQYLCGRQLVDALILVCGDRGFYWGPKERRNIEESLANGVEALSFQPQDMKKRGIVEQCCDSICPLYVLESYCN,
protein,BAS32700.1,1085617,Gekko badenii,insulin [Gekko badenii],100,MTFWIRSLPLLALIAVLAPFASHAFPSQYLCGRQLVDALILVCGDRGFYWGPKERRSIEESLANGVEALSFQPQEMKRRGIVEQCCDNICPLYVLESYCN,
protein,BAS32716.1,481883,Eublepharis macularius,insulin [Eublepharis macularius],101,MAFWIRSLPLLVLLAVLAPPASHAFPSQRLCGPHLVEALYLVCGERGFYYAPKARRSIEEPLANGVEALSFQPQEFQKKRGIVQQCCENTCSLYELESYCN,
protein,BAS32717.1,449391,Coleonyx mitratus,insulin [Coleonyx mitratus],101,MALWVRSLPLLALLAVLAPPASLAFPSQRLCGPHLVEALYLVCGERGFYYAPKARRSIEESLANGVEALSFQPHALLKKRGIVEQCCDNTCTLYELESYCN,
protein,CAC20109.1,7955,Danio rerio,insulin [Danio rerio],108,MAVWIQAGALLVLLVVSSVSTNPGTPQHLCGSHLVDALYLVCGPTGFFYNPKRDVEPLLGFLPPKSAQETEVADFAFKDHAELIRKRGIVEQCCHKPCSIFELQNYCN,
protein,ELK28555.1,225400,Myotis davidii,Insulin [Myotis davidii],168,MALWTRLLPLLALLALWAPAPAQAFVNQHLCGSHLVEALYLVCGERGFFYTPKDRRELPDPQGESSPLTPRSHPKGTGYLASVDPSQSQDQHLCGDELVNALTITCGDRGFYNPMAPLEQDDLQEEEVEMDEGGLQALTLEGLLQKRGIVEECCTNVCSLYQLERYCN,gnl|WGS:ALWT|MDA_GLEAN10004786
protein,ETE64549.1,8665,Ophiophagus hannah,Insulin [Ophiophagus hannah],103,MALWIRSLPLLLLLAVSAPSQAAPNQRLCGSHLVEALFLICGERGFYYSPRARRNIEQPLVNVPLSNEVEVPLQEIQKIQKRGIVEQCCENTCSLYELENYCN,gnl|WGS:AZIM|L345_09681
protein,GFR87518.1,1093978,Elysia marginata,insulin [Elysia marginata],177,MQTPWTCFVKCCVVLATTALLILSLQTKGSEAGLMHICDFNQRRPHPNGICGRRLPLVLAGLCHRFTMLMRNSGSAKTTRKRSAAASASDMELSNDLLQDKEDQMQLLAPIIKDMTPGDEAATGPTKDQLESIFLDKKSALGYLAKRDDSGDIVCECCYHQCSVLELLQYCELPANL,gnl|WGS:BMAT|GFR87518
protein,KAB1251309.1,9838,Camelus dromedarius,Insulin [Camelus dromedarius],110,MALWTRLLALLALLALGAPTPARAFANQHLCGSHLVEALYLVCGERGFFYTPKARREVEDTQVGGVELGGGPGAGGLQPLGPEGRPQKRGIVEQCCASVCSLYQLENYCN,gnl|WGS:JWIN|Cadr_000030481-RA
protein,KAF6739484.1,30732,Oryzias melastigma,Insulin [Oryzias melastigma],113,MAALWLQTFSLLCLLIVSFPGSRAIPPQHLCGSHLVEALYLVCGDRGFFYNPKRDVDPLAGFLSPKMGGATGTGNEVAEFAFKDQMEMMVKRGIVEQCCHKPCNLFDLENYCN,gnl|WGS:WKFB|Om00040g00870
protein,KAG3284408.1,43179,Ictidomys tridecemlineatus,insulin [Ictidomys tridecemlineatus],110,MALWTRLLPLLALLALLGPDPAQAFVNQHLCGSHLVEALYLVCGERGFFYTPKSRREVEEQQGGQVELGGGPGAGLPQPLALEMALQKRGIVEQCCTSICSLYQLENYCN,gnl|WGS:JAESOR|product.rna39221
protein,KAG8008419.1,240163,Nibea albiflora,Insulin [Nibea albiflora],116,MAALWLQSFSLLVLMIVSWPGSQAITAPQHLCGSHLVDALYMVCGERGFFYNPKRDVDHLLSFLPPKAGGAEAAGGDNEVAELAFKDQMEMIVKRNILQNCCHNPCTLLDLANYCT,gnl|WGS:JABGLX|cds.Mianyu0006914
protein,KAG8522541.1,202257,Galemys pyrenaicus,Insulin [Galemys pyrenaicus],109,MAPWTRLLPLLALLALWAPRPAPAFVNQHLCGSHLVEALYLVCGERGFFYTPKARRELGDPQVEEVSLGGGAGTGGAPLGLEGPPQKRGIVEQCCTSICSLYQLENYCN,gnl|WGS:JAGFMF|GAL2_00002560-RA:cds
protein,KAH0508191.1,79684,Microtus ochrogaster,Insulin [Microtus ochrogaster],110,MALWMRLLPLLALLVLWEPNPAQAFVNQHLCGSHLVEALYLVCGERGFFYTPKSRRGVENPQVAQLELGGGPGAGDLQTLALEVAQQKRGIVDQCCTSICSLYQLENYCX,gnl|WGS:JAATJU|PRJNA541330:LTLLF_165625
protein,PFX28301.1,50429,Stylophora pistillata,Insulin [Stylophora pistillata],115,MMKDSFLWIIVPLLAIVLGLEAVPGSRFFKANEDGSRRIDGHVCGDHIIDVYYTLCFGEFAGKTKRRSPLMEEKKALSFIHSKSTGILRKARSATTIVEECCREGCTIGEFMEYC,gnl|WGS:LSMT|Spis6970_prot
protein,QLH02053.1,7959,Ctenopharyngodon idella,insulin [Ctenopharyngodon idella],108,MAVWLQAGALLFLLAVSSVNANAGAPQHLCGSHLVDALYLVCGPTGFFYNPKRDVDPLMGFLPPKSAQETEVADFAFKDHAELIRKRGIVEQCCHKPCSIFELQNYCN,
protein,VDH99901.1,29158,Mytilus galloprovincialis,insulin [Mytilus galloprovincialis],141,MPRYAVWLLVFVFVIYAFIWPVLAGFEKYCMSQTERYGGHKDGICGDELSLVVTLVCEGKFSLPKKRSVDHKNSNEDIFPRFSPLQGQILGKRNALSYLGKSKRFYDLWKFVPRNSVCECCYNHCSLDELSQYCLFDKKDS,gnl|WGS:UYJE|VDH99901
protein,XP_002198969.2,59729,Taeniopygia guttata,insulin [Taeniopygia guttata],137,MGTLLPTIFIPQSELLSISCCHLLGLSLSTMALWIRSLPLLALLAVSGPGSSHGAVNQHLCGSHLVEALYLVCGERGFFYQPKARRDVEQPLVSGPLHGELGELPFQQEEFETVKRGIVEQCCHNTCSLYQLENYCN,
protein,XP_004654275.1,51337,Jaculus jaculus,insulin [Jaculus jaculus],110,MTLWTRLLPLLALLALWGADPAQAFVNQHLCGSHLVEALYLVCGERGFFYTPKSRREVEDPQAGQLELGGGPGAGGPQSLALELAPQKRGIVDQCCTSICSLYQLENYCN,
protein,XP_004717235.1,9371,Echinops telfairi,insulin [Echinops telfairi],108,MACWFCLLPLLALLLTGGPHPARAIVNQHLCGSHLVEALYLVCGERGFFYTPKTRRALDEQQVGEAGPGAGGLQPFAGEGPASRQQRGIVEQCCTSLCSLYQLENYCN,
protein,XP_004759728.2,9669,Mustela putorius furo,insulin [Mustela putorius furo],109,MALWMRILPLLALLALWAPAPTAAFVNQHLCGSHLVEALYLVCGERGFFYTPKARREAEDLQARDSELGGAPGAGGLALGLEGALQKRGIVEQCCTSICSLYQLENYCN,
protein,XP_005916546.2,8153,Haplochromis burtoni,insulin [Haplochromis burtoni],129,MFVYEVLFFALCSSGLPRMARVSWAVSMLLLLMLCSPGGSSVPLKHLCGSHLVDALYFVCGERGFFYNPSRTHKRDVEHLLGFLSKRARQDQRLWRALSGRDEPKVKRGIVEQCCHKPCSIYHLEGYCD,
protein,XP_006051533.1,89462,Bubalus bubalis,insulin [Bubalus bubalis],105,MALWTRLVPLLALLALWAPAPARAFVNQHLCGSHLVEALYLVCGERGFFYTPKARREVEGPQVGALELAGGPGAGGLEGPPQKRGIVEQCCASVCSLYQLENYCN,
protein,XP_006977353.1,230844,Peromyscus maniculatus bairdii,insulin [Peromyscus maniculatus bairdii],110,MALWMRLLPLLALLVLWEPKPAQAFVNQHLCGSHLVEALYLVCGERGFFYTPKSRRGVEDPQVAQLELGGGPGAGDLQTLALEVAQQKRGIVDQCCTSICSLYQLENYCN,
protein,XP_007063026.1,8469,Chelonia mydas,insulin [Chelonia mydas],107,MALWIQSLPLLALLALSGLTISHAAANQHLCGSHLVEALYLVCGERGFFYSPKARRDLEQPLANGHLQNAVEELPFQQQEYQQEKRGIVEQCCHSTCSLYQLENYCN,
protein,XP_007902984.1,7868,Callorhinchus milii,insulin [Callorhinchus milii],113,MMLWNRFGFVALLMALSGPKPSETVPTQRLCGSHLVDALYFVCGERGFFYSPKQIRDVGPLSAFRDLEPPLDTEMEDRFPHRQQLAGSKMKRGIVEQCCHNTCSLVNLEGYCN,
protein,XP_010329449.1,39432,Saimiri boliviensis boliviensis,insulin [Saimiri boliviensis boliviensis],108,MALWMHLLPLLALLALWGPEPAPAFVNQHLCGPHLVEALYLVCGERGFFYAPKTRREAEDPQVGQAELGGGSITGSLSSLEGLLQKRGVVDQCCTSICSLYQLQNYCN,
protein,XP_010395059.2,932674,Corvus cornix cornix,insulin [Corvus cornix cornix],137,MGTLLPTIFIPQTELLFTSCCHLLGLTLPTMALWIRSLPLLALLALSGPGSSHAAVSQHLCGSHLVEALYLVCGERGFFYQPKARRDVEQPLVSGPLHGELGELPFQQEEFEKVKRGIVEQCCHNTCSLYQLENYCD,
protein,XP_011213888.1,27457,Bactrocera dorsalis,insulin [Bactrocera dorsalis],127,MMFPKHTVNFPNLLCLSLVVISFVFCVELSPHCTEALPLLPGGSNDVEFKRYCSTNLSDAIRLICGGRYYSLSRKFPDSVGMGHVSSLKRLAGEEGEYRQPFQGAIHECCRRPCGYPELKSYCEPDY,
protein,XP_012683874.3,7950,Clupea harengus,insulin [Clupea harengus],196,MRRTICVRQALISSDGCLLMLLFFSADLWGKRLLAGPCCWRYIRPELLMFILSLLLHLHPEEHLHLHLHLHPSTQPTVAMALWFQTAALLIMVALSSTGGETAAAQHLCGSHLVDALYLVCGEQGFFYNPKREADPIQGFLQPKSGQENEVAEYPYKDMGEMIVKRGIVVRGIVEQCCHKPCNIFELQNYCASLRS,
protein,XP_012968060.1,10036,Mesocricetus auratus,insulin [Mesocricetus auratus],110,MTLWMRLLPLLALLVLWEPNPAQAFVNQHLCGSHLVEALYLVCGERGFFYTPKSRRGVEDPQVAQLELGGGPGADDLQTLALEVAQQKRGIVDQCCTSICSLYQLENYCN,
protein,XP_014053670.1,8030,Salmo salar,insulin [Salmo salar],139,MGGESVLPQPTFPSAFLLLFYRASSPPPPQPIINMALWLQAVSLLVLLALYPGADAAAAQHLCGSHLVDALYLVCGEKGFFYNPKRDVDPLTGFLFPKSAQEVAEYPFKDQMDMMVKRGIVEQCCHKPCNIFDLQNYCN,
protein,XP_015289666.1,9541,Macaca fascicularis,insulin [Macaca fascicularis],110,MALWMRLLPLLALLALWGPDPAPAFVNQHLCGSHLVEALYLVCGERGFFYTPKTRREAEDPQVGQVELGGGPGAGSLQPLALEGSLQKRGIVEQCCTSICSLYQLENYCN,
protein,XP_020714387.1,7213,Ceratitis capitata,insulin [Ceratitis capitata],127,MKFPEQTLSFPNLLCLSFVVISLVFCVELSPHCTEALPLLPGGSTEVEFKRYCSTNLSDAIRLICGGRYYSLSRKFPDSVGMAQVSSLKRLAGEDGEYRQPFQGAIHECCRRPCGYSELKSYCDPDY,
protein,XP_021540854.1,29088,Neomonachus schauinslandi,insulin [Neomonachus schauinslandi],110,MALWTHLLPLLALLALWAPAPSRAFVNQHLCGSHLVEALYLVCGERGFFYTPKARREVEDPQARALELGGAPGTGGLQPLALEGALQKRGIVEQCCTSICSLYQLENYCN,
protein,XP_021954597.1,158441,Folsomia candida,insulin [Folsomia candida],172,MMASKMNLAVVLISVVVVMIVGSVTSFDLRSEPESHVKQTRSIVSMDVSQPHQPIQVCGLRLLDAVRAICRNRGGYVMTRRSDPSLLAPLYEELEIPMSNSLDEASQYPNDAFASENGVDFPDSGDLWSNARAYKALTESKGAHPRVRRNIIDECCKRPCNPHQMVKYCGRA,
protein,XP_023957939.1,8478,Chrysemys picta bellii,insulin [Chrysemys picta bellii],107,MALWIRSLPLLALLALSGPPISHAAANQHLCGSHLVEALYLVCGERGFFYSPKARRDLEQPLVNGHLQNSVEELPFQQQEYQQDKRGIVEQCCHNTCSLYQLENYCN,
protein,XP_024289867.1,74940,Oncorhynchus tshawytscha,insulin [Oncorhynchus tshawytscha],105,MAFWLQAASLLVLLALSPGADAAAAQHLCGSHLVDALYLVCGEKGFFYNPKRDVDPLIGFFSPKSAKENEEYPFKDQMEMMVKRGIVEQCCHKPCNIFDLQNYCN,
protein,XP_026338704.1,116960,Ursus arctos horribilis,insulin [Ursus arctos horribilis],109,MALWTRLLPLLALLAFWAPVPARTFVNQHLCGSHLVEALYLVCGERGFFYTPKARREVEDLPVRDARPEGVPGADPQPRALAGALQRRGIVEQCCTSICSLYQLENYCN,
protein,XP_028898058.1,28588,Zeugodacus cucurbitae,insulin [Zeugodacus cucurbitae],127,MMFPQHTVNFPNLICFSLVVISFVLCVTLTPHCTEAIPLLAGGSNDVEFKRYCSTNLSDAIRLICGGRYYSLSRKFPDSVGMGHVSSLKRLAGEEGEYRQPFQGAIHECCRRPCGYPELKSYCDPDY,
protein,XP_028915363.1,9258,Ornithorhynchus anatinus,insulin [Ornithorhynchus anatinus],106,MALWVTVLPLLALLALSMPAPGGAFPNQHLCGSHLVEALYLVCGEKGFYYIPRGRRDAEEPVVRGLLQNGLNDLEFPSDLQVGKRGIVEECCKGVCSMYQLENYCN,
protein,XP_031615350.1,47969,Oreochromis aureus,insulin [Oreochromis aureus],113,MAALWLQTFSLLVLMMVSWPGSQAVGGPQHLCGSHLVDALYLVCGDRGFFYNPRRDVDPLLGFLPPKAGGAVVQGGENEVTFKDQMEMMVKRGIVEECCHKPCTIFDLQNYCN,
protein,XP_032894479.1,386614,Amblyraja radiata,insulin [Amblyraja radiata],114,MMFWSQIVLVCALIIFACPKGLETLPSQHLCGSHLVDALYFVCGPKGFYYLPKAKRGQEEFLELRGGEESTQENEAEQQFPFHKLLGRMIKRGIVEHCCHSTCSLFDLEGYCNQ,
protein,XP_032919433.1,91951,Catharus ustulatus,insulin [Catharus ustulatus],107,MALWIRSLPLLALLALSSPGGSQAAVNQHLCGSHLVEALYLVCGERGFFYQPKARRDVEQPLVSGPLHGELGELPFQQEEFEKVKRGIVEQCCHNTCSLYQLENYCN,
protein,XP_035017551.1,195615,Hippoglossus stenolepis,insulin [Hippoglossus stenolepis],111,MARVPCAVSLMLLLVLYSHGVSPAPAQHLCGSHLVDALYFVCGERGFFFSPNRLYKRDLEHLLGFLSKRARQEHQPRRTLSGRIEPKVKRGIVEQCCHKPCSIHHLEGYCN,
protein,XP_035483039.1,52904,Scophthalmus maximus,insulin [Scophthalmus maximus],123,MAALWLYNVSLLVLLVTSFPGSQAIAAQHLCGAHLVEALYLVCGERGFIYQPRSDNSALRLLPPMAGRAVSVGGEKKLSEFAFQDQMEMMAKRTILDRCCHRPCNLFELEEFCHPPASSDTSA,
protein,XP_036227253.1,104688,Bactrocera oleae,insulin [Bactrocera oleae],141,MLWPTLTMWRFQLKMMFPKHTVNFPNLLCLSLVVISFVFCVELSPHCTEALPLLPGGSNDVEFKRYCSTNLSDAIRLICGGRYYSLSRKFPDSVGMGHVSSLKRLAGEEGEYRQPFQGAIHECCRRPCGYPELKSYCEPDN,
protein,XP_036903723.1,192404,Sturnira hondurensis,insulin [Sturnira hondurensis],110,MALWMRLLPLLALLALWAPAPAQAFVNQHLCGSHLVEALYLVCGERGFFYTPKARREAQDPPAGEVELGGGPGAGGLQSLVLERALQKRGIVDQCCTSICSLYQLENYCN,
protein,XP_037543690.1,451745,Nematolebias whitei,insulin [Nematolebias whitei],116,MAALWLQSFSLLVLLVVSWPGSQAMNPPQHLCGSHLVDALYLVCGDRGFFYNPKRDVDPLLGFLPPKTGAGAVHGGENEVAEFAFKDQMEMMVKRGIVEQCCHNRCNIFDLQNYCN,
protein,XP_038173309.1,1047088,Arvicola amphibius,insulin [Arvicola amphibius],110,MALWMRLLPLMALLVLWEPNPAQAFVNQHLCGSHLVEALYLVCGERGFFYTPKSRRGVEDPQVAQLELGGGPGAGDLQTLALEVAQQKRGIVDQCCTSICSLYQLENYCN,
protein,XP_038563595.1,27706,Micropterus salmoides,insulin [Micropterus salmoides],160,MEYKWRGALLFCLTPTSSQSAALLLILLFITELLRPSPPPQISSMAALWLQSVSLLVLLIVSWPGSQAFTPPQHLCGSHLVDALYLVCGDRGFFYNPKRDVDPLMGFLPPKADGAAGAGGENEVAEFAFKDQMEMMVKRGIVEQCCHKPCNIPVLQNYCN,
protein,XP_038620471.1,9261,Tachyglossus aculeatus,insulin [Tachyglossus aculeatus],106,MALWVTVLPLLGLLALSMPTPGEAFANQHLCGSHLVEALYLVCGEKGFYYIPRGRRDAEEPVVRGLLQNGLNDLESPSDLQVGKRGIVEECCKGVCSMYQLENYCN,
protein,XP_038844997.1,8040,Salvelinus namaycush,insulin [Salvelinus namaycush],105,MAFWLQAASLLVLLALSPGADAAAAQHLCGSHLVDALYLVCGEKGFFYNPKRDVDPLIGFLSPKSAQENEEYPFKDQMEMMVKRGIVEQCCHKPCNIFDLQNYCN,
protein,XP_039081000.1,95912,Hyaena hyaena,insulin [Hyaena hyaena],110,MALWTRLLPLLALLALWTPAPTHAFVNQHLCGSHLVEALYLVCGERGFFYTPKARREAEDPQARDVELGGAPSAGGLQPPAPGGPLRKRGIVEQCCTSICSLYQLENYCN,
protein,XP_039393777.1,260615,Mauremys reevesii,insulin [Mauremys reevesii],106,MALWIRSLPLLALLALSGPPISHAAANQHLCGSHLVEALYLVCGERGFFYSPKARRDLEQPLVNGHLPNSVEELSFQQEYQQDKRGIVEQCCHNTCSLYQLENYCN,
protein,XP_039505830.1,90988,Pimephales promelas,insulin [Pimephales promelas],108,MAVWLQAGALLFLLAVSSGNANAGAPQHLCGSHLVDALYLVCGPTGFFYNPKRDVDPLMGFLPPKSAQETEVADFAFKDHAELIRKRGIVEQCCHKPCSIFELQNYCN,
protein,XP_039584358.1,9160,Passer montanus,insulin [Passer montanus],107,MALWIRSLPLLALLALSGPGSSHAAVNQHLCGSHLVEALYLVCGERGFFYQPKARRDVEQPLVSGPLHGELGELPFQQEEFETVKRGIVEQCCHNTCSLYQLENYCN,
protein,XP_039631678.1,55291,Polypterus senegalus,insulin [Polypterus senegalus],113,MLPSQPKLFLTVLVLIITAPYGTQGGVTQHLCGAHLVEALFFVCGEKGFFYTPGRGKREEAVEILMKQDAPYSRDARFLLEQSIDDGKAKRGIVEQCCYYSCTYYDLENYCNS,
protein,XP_039633717.1,8168,Perca fluviatilis,insulin [Perca fluviatilis],116,MAALWLQCVSLLAVLLVSWPGCQAAAQPQHLCGSHLVDALYLVCGERGFFYNPKRDVDPLMGFLPPKGGAAAAAGGENEVAEFAFKDQMEMMVKRGIVEQCCHRPCNIFDLQNYCN,
protein,XP_039696307.1,143291,Pteropus giganteus,insulin [Pteropus giganteus],110,MALWTRLLPLLALLGLWAPTPAPAFVSQHLCGSHLVEALYLVCGERGFFYTPKARRELEGPQGGEVELGGGPGAGSRQALALEGPPQKRGIVDQCCTSICSLYQLENYCN,
protein,XP_039888551.1,43689,Simochromis diagramma,insulin [Simochromis diagramma],113,MAALWLQTFSLLVLMMVSWPGSQAVGGPQHLCGSHLVDALYLVCGDRGFFYNPRRDVDPLLGFLPPKAGGAVVQGGENEVTFKDQMEMMVKRGIVEECCHKPCTIFDLQNYCN,
protein,XP_039924220.1,43150,Hirundo rustica,insulin [Hirundo rustica],137,MGTLLPTVFIPQSELLSTSCCQLLGLSLPTMALWIRSLPLLALLALSGPGSSHAAVNQHLCGSHLVEALYLVCGERGFFYQPKARRDVEQPLVSGPLHGELGELPFQQEEFEKVKRGIVEQCCHNTCSLYQLENYCN,
protein,XP_040006846.1,8245,Xiphias gladius,insulin [Xiphias gladius],116,MAALWLQSVSLLVLLIVSWPGSQAVAPPQHLCGSHLVDALYLVCGDRGFFYNPKRDVDPLLGFLPPKAGGAAAAGGENEVAEFAFKDQMEMMVKRGIVEQCCHKPCNIFDLQNYCN,
protein,XP_040038797.1,481459,Gasterosteus aculeatus aculeatus,insulin [Gasterosteus aculeatus aculeatus],117,MASLWLQSVSLLVLLVWSCPGSQAAAGPQHLCGSHLVDALYLVCGERGFFYNPKRDVDPLMGFLPPKVGGASAAAGGENEVAEFAFKDQMEMMVKRGIVEQCCHRPCNIFDLQNYCN,
protein,XP_040111257.1,59534,Oryx dammah,insulin [Oryx dammah],105,MALWTHLVPVLALLALWAPAPTRSFVNQHLCGSHLVEALYLVCGERGFFYTPKARREMESPQVGALELAGGPGAGGLEGPPQKRGIVEQCCAGVCSLYQLENYCN,
protein,XP_040184408.1,8407,Rana temporaria,insulin [Rana temporaria],140,MCEQAHNGHSDICHLSCEHSPSSFFSRFTIHLLIMALWIQCLPLAVLLSLFTPNAQAFPNQFLCGSHLVEALYMVCGDRGFFYSPRSRRDLEQPLVNGLQGSELDEMQVQSQGFQKRKPGIVEQCCHNTCSLYDMESYCA,
protein,XP_040264806.1,8384,Bufo bufo,insulin [Bufo bufo],110,MALWIQCLPLAILLFVFTPTTQALANQHLCGPHLVEALYLVCGERGFYYYPKVRRDLEQPLGKLNMNGPQGNELDGMQLPSQDFQMRKRGIVEQCCHSTCSLYELENYCN,
protein,XP_040322184.1,1608482,Puma yagouaroundi,insulin [Puma yagouaroundi],110,MALWTRLLPLLVLLSLWTPAPTRAFVNQHLCGSHLVEALYLVCGERGFFYTPKARREAEDLQGKDAELGEAPGAGGLQPSALEAPLQKRGIVEQCCASVCSLYQLEHYCN,
protein,XP_040415493.1,8869,Cygnus olor,insulin [Cygnus olor],107,MALWIRSLPLLALLALSGPGISHAAANQHLCGSHLVEALYLVCGERGFFYSPKTRRDVEQPLVSGPLHGEVGELPFQHEEYQKVKRGIVEQCCENPCSLYQLENYCN,
protein,XP_040495583.1,29073,Ursus maritimus,insulin [Ursus maritimus],109,MALWTRLLPLLALLAFWAPVPARTFVNQHLCGSHLVEALYLVCGERGFFYTPKARREVEDLPVRDARPEGVPGADPQPRALAGALQRRGIVEQCCTSICSLYQLENYCN,
protein,XP_040827010.1,130825,Ochotona curzoniae,insulin [Ochotona curzoniae],105,MALWTRLLPLLALLIVWGPDPAQAFVNQHLCGSHLVEALYLVCGERGFFYTPKARRDVDELQGELGGAPSLGHTGPAELALQKRGIVEQCCSSICSLYQLENYCN,
protein,XP_040908267.1,941984,Toxotes jaculatrix,insulin [Toxotes jaculatrix],156,MGWRPSVLPHTNLLSAALLQLLLITDSPRPPPPALQVSSNMAALWLQSVSLLVLLIVSWPGSQAVAPPQHLCGSHLVDALYLVCGDRGFFYNPKRDVDPLLGFLPPKVGGAPAAGGENEVAEFAFKDQMEMMVKRGIVEQCCHKPCNIFDLQNYCN,
protein,XP_040985283.1,223781,Aquila chrysaetos chrysaetos,insulin [Aquila chrysaetos chrysaetos],107,MALWIRSLPLLALLALSIPGTSHAAANQHLCGSHLVEALYLVCGERGFFYSPKARRDIEQPLVSGPLHGEVGELPFQQEEFEKVKRGIVEQCCHNTCSLYQLENYCN,
protein,XP_041271073.1,356909,Onychostruthus taczanowskii,insulin [Onychostruthus taczanowskii],137,MGTLLPTIFIPQSELLSTSCCHLLGLSLPTMALWIRSLPLLALLALSGPGSSHAAVNQHLCGSHLVEALYLVCGERGFFYQPKARRDVEQPLVSGPLHGELGELPFQQEEFEKVKRGIVEQCCHNTCSLYQLENYCN,
protein,XP_041337238.1,221976,Pyrgilauda ruficollis,insulin [Pyrgilauda ruficollis],137,MGTLLPTIFIPQSELLSTSCCHLLGLSLPTMALWIRSLPLLALLALSGPGSSHAAVNQHLCGSHLVEALYLVCGERGFFYQPKARRDVEQPLVSGPLHGELGELPFQQEEFEKVKRGIVEQCCHNTCSLYQLENYCN,
protein,XP_041521893.1,111838,Microtus oregoni,insulin [Microtus oregoni],110,MALWMRLLPLLALLVLWEPNPAQAFVNQHLCGSHLVEALYLVCGERGFFYTPKSRRGVEDPQEAQLGLGGGPGAGDLQTLALEVAQQKRGIVDQCCTSICSLYQLENYCN,
protein,XP_041578098.1,494514,Vulpes lagopus,insulin [Vulpes lagopus],110,MALWMRLLPLLALLALWAPAPTRAFVNQHLCGSHLVEALYLVCGERGFFYTPKARREVEDLQVRDVDLAGAPGEGGLQPLALEGALQKRGIVEQCCTSICSLYQLENYCN,
protein,XP_041657839.1,241271,Cheilinus undulatus,insulin [Cheilinus undulatus],120,MAALWLQSVSLLVLLVVSWPGTQAAAPPQHLCGSHLVDALYLVCGDRGFFYNPKRDVEPFKGFLPPKADGAATAGENEVAEFAFKDLAFKDQMEMMVKRGIVEQCCHRPCNLFDLQNYCN,
protein,XP_041743011.1,59861,Coregonus clupeaformis,insulin [Coregonus clupeaformis],105,MAFWLQVASLLVLLALSPGADAAAAQHLCGSHLVDALYLVCGEKGFFYNPKRDVDPLIGFLSPKSVQENEEYPFKDEMEMMVKRGIVEQCCHKPCNIFDLQNYCN,
protein,XP_041807552.1,109905,Chelmon rostratus,insulin [Chelmon rostratus],116,MAALWLQSVSLLILLIVSWPSTQAVAPPQHLCGSHLVDALYLVCGDRGFFYNPKRDVDPLLGFLPSKAGGAAATGGENEVAEYAFKDQMEMMVKRGIVEQCCHRPCNIFDLQNYCN,
protein,XP_041864533.1,1250792,Melanotaenia boesemani,insulin [Melanotaenia boesemani],115,MAALWLQSSLLVLLVASWTSSQAVAPSQHLCGSHLVDALYLVCGSNGFFYNPKRDVDPLLGFFHPKAVAAAAPGGENEVAEFAFKDKMEMMVKRGIVEQCCHKPCNIFDLQNYCN,
protein,XP_041894685.1,68294,Corvus kubaryi,insulin [Corvus kubaryi],137,MGTLLPTIFIPQTELLSTSCCHLLGLTLPTMALWIRSLPLLALLALSGPGSSHAAVSQHLCGSHLVEALYLVCGERGFFYQPKARRDVEQPLVSGPLHGELGELPFQQEEFEKVKRGIVEQCCHNTCSLYQLENYCD,
protein,XP_041947657.1,34773,Alosa sapidissima,insulin [Alosa sapidissima],119,MALWLQTAALLIVMALSTMGGDAATAQHLCGSHLVDALYLVCGDQGFFYNPKRDVDPLQEFLPPKSSQDNEVAEYPYKDMEETMLQRRGSVERRGIVEQCCHRPCSVFELQNYCNSLQN,
protein,XP_042287378.1,8240,Thunnus maccoyii,insulin [Thunnus maccoyii],115,MAALWLQSVSLLVLLIVSWPGSQAVAPPQHLCGSHLVDALYLVCGDRGFFYNPKRDVDPLLGFLPPKAGGAAVGGDNEVAEFAFKDQMEMMVKRGIVEQCCHKPCNIFDLQNYCN,
protein,XP_042300965.1,8520,Sceloporus undulatus,insulin [Sceloporus undulatus],107,MTLWISSLPLLVLIAVSAPTISRAIPNQHLCGSHLVEALYLVCGERGFYYSPKTRRNIEQPLVNGPLQNEVETLPFQPQEFQKMKRGIVQQCCENTCSLYELENYCN,
protein,XP_042337395.1,160734,Plectropomus leopardus,insulin [Plectropomus leopardus],115,MAALWLQSVSLLVLLVVSWPGSQAATAPQHLCGSHLVDALYLVCGDRGFFYNPKRDVDSLMGFLPPKAGGAAAGGENEVAEFAYKDQMEMMVKRGIVEQCCHRPCNIFDLQNYCN,
protein,XP_042528552.1,105255,Dipodomys spectabilis,insulin [Dipodomys spectabilis],102,MALWTRLLPLLALLALWGACPAQAFVNQHLCGSHLVEALYLVCGERGFFYTPKSRRDAEDTQVGQLELGGGLALDLPPQKRGIVDQCCTSICSLYQLENYCN,
protein,XP_042670992.1,9002,Centrocercus urophasianus,insulin [Centrocercus urophasianus],107,MALWIRSLPLLALLVFSGPRTSYAAANQHLCGSHLVEALYLVCGERGFFYSPKVRRDVEQPLVSSPLRGEAGVLPFQQEEYEKVKRGIVEQCCHNTCSLYQLENYCN,
protein,XP_042740624.1,30410,Lagopus leucura,insulin [Lagopus leucura],107,MALWIRSLPLLALLVFSGPRTSYAAANQHLCGSHLVEALYLVCGERGFFYSPKVRRDVEQPLVSSPLHGEAGVLPFQQEEYEKVKRGIVEQCCHNTCSLYQLENYCN,
protein,XP_042762151.1,9689,Panthera leo,insulin [Panthera leo],110,MALWTRLLPLLALLSLWTPAPTRAFVNQHLCGSHLVEALYLVCGERGFFYTPKARREAEDLQGKDAELGEAPGAGGLQPSALEAPLQKRGIVEQCCASVCSLYQLEHYCN,
protein,XP_042815670.1,9694,Panthera tigris,insulin [Panthera tigris],110,MALWTRLLPLLALLSLWTPAPTRAFVNQHLCGSHLVEALYLVCGERGFFYTPKARREAEDLQGKDVELGEAPGAGGLQPSALEAPLQKRGIVEQCCASVCSLYQLEHYCN,
protein,XP_043094266.1,1606681,Puntigrus tetrazona,insulin [Puntigrus tetrazona],108,MAVWLQAGALLFLLAVSSVNANAGAPQHLCGSHLVDALYLVCGPTGFFYNPKRDVDPLLGFLPPKSAQETEVADFAFKDHAELIRKRGIVEQCCHKPCSIFELQNYCN,
protein,XP_043307924.1,1574408,Cervus canadensis,insulin [Cervus canadensis],105,MALWTRLLPLLALLALCAPAPAGAFVNQHLCGSHLVEALYLVCGERGFFYTPKARREVDGPQVGALELAGGPGAGGLEGPPQKRGIVEQCCTSICSLYQLENYCN,
protein,XP_043437955.1,37029,Prionailurus bengalensis,insulin [Prionailurus bengalensis],110,MALWTRLLPLLALLCLWTPAPTRAFVNQHLCGSHLVEALYLVCGERGFFYTPKARREAEDLQGKDAELGEAPGAGGLQPSALEAPLQKRGIVEQCCASVCSLYQLEHYCN,
protein,XP_043827800.1,33562,Dromiciops gliroides,insulin [Dromiciops gliroides],103,MAPWIASLSLTALLVLSTPPAGKALVNQHLCGSHLVEALYLVCGERGFFYTPKARRDVEQPLVGEAGGEELPFPPEYQLQKRGIVEQCCNSICSLYQLETYCN,
protein,XP_043897175.1,28829,Solea senegalensis,insulin [Solea senegalensis],118,MAALWLQSVSLLVLLMASWPAGAQAVSAPQHLCGSHLVDALYLVCGDRGFFYNPKRDVDPLLGFLPAKVGGASAAAGSENEAAEFAFKDQMEMMVKRGIVEQCCHKPCNIFDLQNYCN,
